object,estimate,std_err
CPIResponse,0.45108639300506653,0.2502424754661175
OilInventoriesResponse,1.2173749430109997,0.5140191535468462
OilPriceResponse,12.865452678757688,2.0376587190324997
OilProductionResponse,-0.6811875636653091,0.2967152565588409
USProductionResponse,-1.0603758592919776,0.43168067800552135
WorldProductionResponse,-0.5912798268963425,0.4310209075982789
